	{

		"metadata": {
			"formatVersion" : 3.1,
			"generatedBy"   : "Blender 2.7 Exporter",
			"vertices"      : 128,
			"faces"         : 144,
			"normals"       : 128,
			"colors"        : 0,
			"uvs"           : [134],
			"materials"     : 1,
			"morphTargets"  : 0,
			"bones"         : 0
		},

			"scale" : 1.000000,
			
			"vertices" : [5.91577e-08,0.668613,-0.213186,0.00382689,0.668613,-0.213947,0.00707113,0.668613,-0.216115,0.00923885,0.668613,-0.219359,0.0100001,0.668613,-0.223186,0.00923885,0.668613,-0.227013,0.00707113,0.668613,-0.230257,0.00382689,0.668613,-0.232425,6.06677e-08,0.668613,-0.233186,-0.00382677,0.668613,-0.232425,-0.00707101,0.668613,-0.230257,-0.00923873,0.668613,-0.227013,-0.00999994,0.668613,-0.223186,-0.00923873,0.668613,-0.219359,-0.00707101,0.668613,-0.216115,-0.00382677,0.668613,-0.213947,1.64285e-08,0.702162,-0.195579,3.32116e-08,0.688974,-0.213296,0.00382687,0.689355,-0.213955,0.00382685,0.702701,-0.196117,0.0070711,0.690441,-0.215831,0.00707108,0.704235,-0.197648,0.00923883,0.692066,-0.218639,0.00923881,0.70653,-0.199941,0.01,0.693983,-0.221951,0.01,0.709238,-0.202644,0.00923883,0.695899,-0.225263,0.00923881,0.711946,-0.205348,0.0070711,0.697524,-0.228071,0.00707108,0.714242,-0.207641,0.00382686,0.69861,-0.229947,0.00382685,0.715776,-0.209172,3.05058e-08,0.698991,-0.230606,1.27389e-08,0.716315,-0.20971,-0.0038268,0.69861,-0.229947,-0.00382682,0.715776,-0.209172,-0.00707104,0.697524,-0.228071,-0.00707105,0.714242,-0.207641,-0.00923876,0.695899,-0.225263,-0.00923878,0.711946,-0.205348,-0.00999997,0.693983,-0.221951,-0.00999998,0.709238,-0.202644,-0.00923876,0.692066,-0.218639,-0.00923878,0.70653,-0.199941,-0.00707103,0.690441,-0.215831,-0.00707105,0.704235,-0.197648,-0.0038268,0.689355,-0.213955,-0.00382681,0.702701,-0.196117,0.00191348,0.668613,-0.213567,0.00544901,0.668613,-0.215031,0.00815499,0.668613,-0.217737,0.00961946,0.668613,-0.221273,0.00961946,0.668613,-0.2251,0.00815499,0.668613,-0.228635,0.00544901,0.668613,-0.231341,0.00191348,0.668613,-0.232806,-0.00191336,0.668613,-0.232806,-0.00544889,0.668613,-0.231341,-0.00815487,0.668613,-0.228635,-0.00961934,0.668613,-0.2251,-0.00961934,0.668613,-0.221273,-0.00815487,0.668613,-0.217737,-0.00544889,0.668613,-0.215031,-0.00191336,0.668613,-0.213567,5.91577e-08,0.668613,-0.121421,0.00382689,0.668613,-0.12066,0.00707113,0.668613,-0.118493,0.00923885,0.668613,-0.115248,0.0100001,0.668613,-0.111421,0.00923885,0.668613,-0.107595,0.00707113,0.668613,-0.10435,0.00382689,0.668613,-0.102183,6.06677e-08,0.668613,-0.101421,-0.00382677,0.668613,-0.102183,-0.00707101,0.668613,-0.10435,-0.00923873,0.668613,-0.107595,-0.00999994,0.668613,-0.111421,-0.00923873,0.668613,-0.115248,-0.00707101,0.668613,-0.118493,-0.00382677,0.668613,-0.12066,1.64285e-08,0.702162,-0.139029,3.32116e-08,0.688974,-0.121312,0.00382687,0.689355,-0.120653,0.00382685,0.702701,-0.138491,0.0070711,0.690441,-0.118777,0.00707108,0.704235,-0.136959,0.00923883,0.692066,-0.115969,0.00923881,0.70653,-0.134667,0.01,0.693983,-0.112657,0.01,0.709238,-0.131963,0.00923883,0.695899,-0.109344,0.00923881,0.711946,-0.129259,0.0070711,0.697524,-0.106537,0.00707108,0.714242,-0.126967,0.00382686,0.69861,-0.10466,0.00382685,0.715776,-0.125435,3.05058e-08,0.698991,-0.104001,1.27389e-08,0.716315,-0.124898,-0.0038268,0.69861,-0.10466,-0.00382682,0.715776,-0.125435,-0.00707104,0.697524,-0.106537,-0.00707105,0.714242,-0.126967,-0.00923876,0.695899,-0.109344,-0.00923878,0.711946,-0.129259,-0.00999997,0.693983,-0.112657,-0.00999998,0.709238,-0.131963,-0.00923876,0.692066,-0.115969,-0.00923878,0.70653,-0.134667,-0.00707103,0.690441,-0.118777,-0.00707105,0.704235,-0.136959,-0.0038268,0.689355,-0.120653,-0.00382681,0.702701,-0.138491,0.00191348,0.668613,-0.121041,0.00544901,0.668613,-0.119576,0.00815499,0.668613,-0.11687,0.00961946,0.668613,-0.113335,0.00961946,0.668613,-0.109508,0.00815499,0.668613,-0.105972,0.00544901,0.668613,-0.103266,0.00191348,0.668613,-0.101802,-0.00191336,0.668613,-0.101802,-0.00544889,0.668613,-0.103267,-0.00815487,0.668613,-0.105972,-0.00961934,0.668613,-0.109508,-0.00961934,0.668613,-0.113335,-0.00815487,0.668613,-0.11687,-0.00544889,0.668613,-0.119576,-0.00191336,0.668613,-0.121041],